groupeActivite;divisionActivite;sectionActivite
Fonds de placement et entités financières similaires;Activités des services financiers, hors assurance et caisses de retraite;Activités financières et d'assurance
Fabrication de produits chimiques de base, de produits azotés et d'engrais, de matières plastiques de base et de caoutchouc synthétique;Industrie chimique;Industrie manufacturière
Transports maritimes et côtiers de passagers;Transports par eau;Transports et entreposage
Cokéfaction;Cokéfaction et raffinage;Industrie manufacturière
Construction d'autres ouvrages de génie civil;Génie civil;Construction
Fabrication de peintures, vernis, encres et mastics;Industrie chimique;Industrie manufacturière
Autre mise à disposition de ressources humaines;Activités liées à l'emploi;Activités de services administratifs et de soutien
Services de soutien à l'exploitation forestière;Sylviculture et exploitation forestière;Agriculture, sylviculture et pêche
Activités des sièges sociaux;"Activités des sièges sociaux; conseil de gestion";Activités spécialisées, scientifiques et techniques
Transformation et conservation de poisson, de crustacés et de mollusques;Industries alimentaires;Industrie manufacturière
Édition de logiciels;Édition;Information et communication
Activités auxiliaires d'assurance et de caisses de retraite;Activités auxiliaires de services financiers et d'assurance;Activités financières et d'assurance
Autres activités de télécommunication;Télécommunications;Information et communication
Restaurants et services de restauration mobile;Restauration;Hébergement et restauration
Activités des ménages en tant qu'employeurs de personnel domestique;Activités des ménages en tant qu'employeurs de personnel domestique;"Activités des ménages en tant qu'employeurs; activités indifférenciées des ménages en tant que producteurs de biens et services pour usage propre"
Activités récréatives et de loisirs;Activités sportives, récréatives et de loisirs;Arts, spectacles et activités récréatives
Activités de centres d'appels;Activités administratives et autres activités de soutien aux entreprises;Activités de services administratifs et de soutien
Fabrication de générateurs de vapeur, à l'exception des chaudières pour le chauffage central;Fabrication de produits métalliques, à l'exception des machines et des équipements;Industrie manufacturière
Sylviculture et autres activités forestières;Sylviculture et exploitation forestière;Agriculture, sylviculture et pêche
Activités liées au sport;Activités sportives, récréatives et de loisirs;Arts, spectacles et activités récréatives
Programmation, conseil et autres activités informatiques;Programmation, conseil et autres activités informatiques;Information et communication
Récolte de produits forestiers non ligneux poussant à l'état sauvage;Sylviculture et exploitation forestière;Agriculture, sylviculture et pêche
Télécommunications par satellite;Télécommunications;Information et communication
Autres commerces de gros spécialisés;Commerce de gros, à l'exception des automobiles et des motocycles;"Commerce; réparation d'automobiles et de motocycles"
Extraction de pierres, de sables et d'argiles;Autres industries extractives;Industries extractives
Entretien et réparation de véhicules automobiles;Commerce et réparation d'automobiles et de motocycles;"Commerce; réparation d'automobiles et de motocycles"
"Travail des grains; fabrication de produits amylacés";Industries alimentaires;Industrie manufacturière
Activités des autres organisations associatives;Activités des organisations associatives;Autres activités de services
Fabrication de boissons;Fabrication de boissons;Industrie manufacturière
Location-bail de propriété intellectuelle et de produits similaires, à l'exception des œuvres soumises à copyright;Activités de location et location-bail;Activités de services administratifs et de soutien
Activités manufacturières n.c.a.;Autres industries manufacturières;Industrie manufacturière
Transports fluviaux de passagers;Transports par eau;Transports et entreposage
Tissage;Fabrication de textiles;Industrie manufacturière
Fabrication d'autres produits en céramique et en porcelaine;Fabrication d'autres produits minéraux non métalliques;Industrie manufacturière
Fabrication de machines d'usage général;Fabrication de machines et équipements n.c.a.;Industrie manufacturière
Installation de machines et d'équipements industriels;Réparation et installation de machines et d'équipements;Industrie manufacturière
Activités de soutien aux autres industries extractives;Services de soutien aux industries extractives;Industries extractives
Autres services d'information;Services d'information;Information et communication
Fabrication d'appareils d'éclairage électrique;Fabrication d'équipements électriques;Industrie manufacturière
Production de métaux précieux et d'autres métaux non ferreux;Métallurgie;Industrie manufacturière
Autres activités d'enseignement;Enseignement;Enseignement
Transformation et conservation de la viande et préparation de produits à base de viande;Industries alimentaires;Industrie manufacturière
Activités photographiques;Autres activités spécialisées, scientifiques et techniques;Activités spécialisées, scientifiques et techniques
Autres commerces de détail en magasin spécialisé;Commerce de détail, à l'exception des automobiles et des motocycles;"Commerce; réparation d'automobiles et de motocycles"
Fabrication de savons, de produits d'entretien et de parfums;Industrie chimique;Industrie manufacturière
Fabrication d'autres textiles;Fabrication de textiles;Industrie manufacturière
Gestion de fonds;Activités auxiliaires de services financiers et d'assurance;Activités financières et d'assurance
Collecte des déchets;"Collecte, traitement et élimination des déchets; récupération";"Production et distribution d'eau; assainissement, gestion des déchets et dépollution"
Programmation de télévision et télédiffusion;Programmation et diffusion;Information et communication
Activités de soutien à l'extraction d'hydrocarbures;Services de soutien aux industries extractives;Industries extractives
Fabrication de moteurs, génératrices et transformateurs électriques et de matériel de distribution et de commande électrique;Fabrication d'équipements électriques;Industrie manufacturière
Fabrication de composants et cartes électroniques;Fabrication de produits informatiques, électroniques et optiques;Industrie manufacturière
Autre action sociale sans hébergement;Action sociale sans hébergement;Santé humaine et action sociale
Fabrication de matériaux de construction en terre cuite;Fabrication d'autres produits minéraux non métalliques;Industrie manufacturière
Activités indifférenciées des ménages en tant que producteurs de services pour usage propre;Activités indifférenciées des ménages en tant que producteurs de biens et services pour usage propre;"Activités des ménages en tant qu'employeurs; activités indifférenciées des ménages en tant que producteurs de biens et services pour usage propre"
Fabrication de ciment, chaux et plâtre;Fabrication d'autres produits minéraux non métalliques;Industrie manufacturière
Production et distribution de vapeur et d'air conditionné;Production et distribution d'électricité, de gaz, de vapeur et d'air conditionné;Production et distribution d'électricité, de gaz, de vapeur et d'air conditionné
Exploitation forestière;Sylviculture et exploitation forestière;Agriculture, sylviculture et pêche
Activités juridiques;Activités juridiques et comptables;Activités spécialisées, scientifiques et techniques
Transports aériens de fret et transports spatiaux;Transports aériens;Transports et entreposage
Démolition et préparation des sites;Travaux de construction spécialisés;Construction
Fabrication d'articles de sport;Autres industries manufacturières;Industrie manufacturière
Recherche-développement en sciences physiques et naturelles;Recherche-développement scientifique;Activités spécialisées, scientifiques et techniques
Extraction de lignite;Extraction de houille et de lignite;Industries extractives
Taille, façonnage et finissage de pierres;Fabrication d'autres produits minéraux non métalliques;Industrie manufacturière
Autres services de réservation et activités connexes;Activités des agences de voyage, voyagistes, services de réservation et activités connexes;Activités de services administratifs et de soutien
Sécurité sociale obligatoire;"Administration publique et défense; sécurité sociale obligatoire";Administration publique
Activités de sécurité privée;Enquêtes et sécurité;Activités de services administratifs et de soutien
Publicité;Publicité et études de marché;Activités spécialisées, scientifiques et techniques
Transports ferroviaires de fret;Transports terrestres et transport par conduites;Transports et entreposage
Assurance;Assurance;Activités financières et d'assurance
Réparation de biens personnels et domestiques;Réparation d'ordinateurs et de biens personnels et domestiques;Autres activités de services
Fabrication de réservoirs, citernes et conteneurs métalliques;Fabrication de produits métalliques, à l'exception des machines et des équipements;Industrie manufacturière
Action sociale sans hébergement pour personnes âgées et pour personnes handicapées;Action sociale sans hébergement;Santé humaine et action sociale
Fabrication de produits pharmaceutiques de base;Industrie pharmaceutique;Industrie manufacturière
Fabrication de verre et d'articles en verre;Fabrication d'autres produits minéraux non métalliques;Industrie manufacturière
Enseignement secondaire;Enseignement;Enseignement
Autres activités pour la santé humaine;Activités pour la santé humaine;Santé humaine et action sociale
Commerce de gros d'équipements de l'information et de la communication;Commerce de gros, à l'exception des automobiles et des motocycles;"Commerce; réparation d'automobiles et de motocycles"
Hébergement social pour personnes handicapées mentales, malades mentales et toxicomanes;Hébergement médico-social et social;Santé humaine et action sociale
Intermédiation monétaire;Activités des services financiers, hors assurance et caisses de retraite;Activités financières et d'assurance
Préparation de fibres textiles et filature;Fabrication de textiles;Industrie manufacturière
Location et exploitation de biens immobiliers propres ou loués;Activités immobilières;Activités immobilières
Activités de soutien à l'agriculture et traitement primaire des récoltes;Culture et production animale, chasse et services annexes;Agriculture, sylviculture et pêche
Autres travaux de construction spécialisés;Travaux de construction spécialisés;Construction
"Traitement de données, hébergement et activités connexes; portails Internet";Services d'information;Information et communication
Fabrication d'articles en papier ou en carton;Industrie du papier et du carton;Industrie manufacturière
Fabrication de fils et câbles et de matériel d'installation électrique;Fabrication d'équipements électriques;Industrie manufacturière
Extraction de minerais de métaux non ferreux;Extraction de minerais métalliques;Industries extractives
Fabrication de machines agricoles et forestières;Fabrication de machines et équipements n.c.a.;Industrie manufacturière
Autres activités de poste et de courrier;Activités de poste et de courrier;Transports et entreposage
Fabrication d'ouvrages en béton, en ciment ou en plâtre;Fabrication d'autres produits minéraux non métalliques;Industrie manufacturière
Activités des agences de travail temporaire;Activités liées à l'emploi;Activités de services administratifs et de soutien
Fabrication d'instruments et de fournitures à usage médical et dentaire;Autres industries manufacturières;Industrie manufacturière
Terrains de camping et parcs pour caravanes ou véhicules de loisirs;Hébergement;Hébergement et restauration
Commerce de détail d'autres équipements du foyer en magasin spécialisé;Commerce de détail, à l'exception des automobiles et des motocycles;"Commerce; réparation d'automobiles et de motocycles"
Réparation d'ouvrages en métaux, de machines et d'équipements;Réparation et installation de machines et d'équipements;Industrie manufacturière
Commerce de gros non spécialisé;Commerce de gros, à l'exception des automobiles et des motocycles;"Commerce; réparation d'automobiles et de motocycles"
Fabrication de jeux et jouets;Autres industries manufacturières;Industrie manufacturière
Réassurance;Assurance;Activités financières et d'assurance
Construction de locomotives et d'autre matériel ferroviaire roulant;Fabrication d'autres matériels de transport;Industrie manufacturière
Construction navale;Fabrication d'autres matériels de transport;Industrie manufacturière
Culture et élevage associés;Culture et production animale, chasse et services annexes;Agriculture, sylviculture et pêche
Édition et diffusion de programmes radio;Programmation et diffusion;Information et communication
Fabrication de fibres artificielles ou synthétiques;Industrie chimique;Industrie manufacturière
Activités créatives, artistiques et de spectacle;Activités créatives, artistiques et de spectacle;Arts, spectacles et activités récréatives
Traduction et interprétation;Autres activités spécialisées, scientifiques et techniques;Activités spécialisées, scientifiques et techniques
Autres activités spécialisées, scientifiques et techniques n.c.a.;Autres activités spécialisées, scientifiques et techniques;Activités spécialisées, scientifiques et techniques
Activités combinées de soutien lié aux bâtiments;Services relatifs aux bâtiments et aménagement paysager;Activités de services administratifs et de soutien
Travaux d'installation électrique, plomberie et autres travaux d'installation;Travaux de construction spécialisés;Construction
Hébergement touristique et autre hébergement de courte durée;Hébergement;Hébergement et restauration
Hébergement social pour personnes âgées ou handicapées physiques;Hébergement médico-social et social;Santé humaine et action sociale
Transports maritimes et côtiers de fret;Transports par eau;Transports et entreposage
Organisation de salons professionnels et congrès;Activités administratives et autres activités de soutien aux entreprises;Activités de services administratifs et de soutien
Débits de boissons;Restauration;Hébergement et restauration
Fabrication d'appareils ménagers;Fabrication d'équipements électriques;Industrie manufacturière
Organisation de jeux de hasard et d'argent;Organisation de jeux de hasard et d'argent;Arts, spectacles et activités récréatives
Commerce de détail sur éventaires et marchés;Commerce de détail, à l'exception des automobiles et des motocycles;"Commerce; réparation d'automobiles et de motocycles"
Cultures permanentes;Culture et production animale, chasse et services annexes;Agriculture, sylviculture et pêche
Pêche;Pêche et aquaculture;Agriculture, sylviculture et pêche
Commerce de détail d'équipements de l'information et de la communication en magasin spécialisé;Commerce de détail, à l'exception des automobiles et des motocycles;"Commerce; réparation d'automobiles et de motocycles"
Location et location-bail de biens personnels et domestiques;Activités de location et location-bail;Activités de services administratifs et de soutien
Fabrication d'articles en fourrure;Industrie de l'habillement;Industrie manufacturière
Fabrication de pâte à papier, de papier et de carton;Industrie du papier et du carton;Industrie manufacturière
Enseignement primaire;Enseignement;Enseignement
Enregistrement sonore et édition musicale;"Production de films cinématographiques, de vidéo et de programmes de télévision; enregistrement sonore et édition musicale";Information et communication
Traiteurs et autres services de restauration;Restauration;Hébergement et restauration
Extraction de gaz naturel;Extraction d'hydrocarbures;Industries extractives
Autres activités des services financiers, hors assurance et caisses de retraite;Activités des services financiers, hors assurance et caisses de retraite;Activités financières et d'assurance
Construction aéronautique et spatiale;Fabrication d'autres matériels de transport;Industrie manufacturière
Fabrication de produits en plastique;Fabrication de produits en caoutchouc et en plastique;Industrie manufacturière
Commerce de détail en magasin non spécialisé;Commerce de détail, à l'exception des automobiles et des motocycles;"Commerce; réparation d'automobiles et de motocycles"
Fabrication de tubes, tuyaux, profilés creux et accessoires correspondants en acier;Métallurgie;Industrie manufacturière
Services de prérogative publique;"Administration publique et défense; sécurité sociale obligatoire";Administration publique
Activités spécialisées de design;Autres activités spécialisées, scientifiques et techniques;Activités spécialisées, scientifiques et techniques
Commerce de détail de biens culturels et de loisirs en magasin spécialisé;Commerce de détail, à l'exception des automobiles et des motocycles;"Commerce; réparation d'automobiles et de motocycles"
Fabrication d'autres produits alimentaires;Industries alimentaires;Industrie manufacturière
Reproduction de plantes;Culture et production animale, chasse et services annexes;Agriculture, sylviculture et pêche
Réparation d'ordinateurs et d'équipements de communication;Réparation d'ordinateurs et de biens personnels et domestiques;Autres activités de services
Raffinage du pétrole;Cokéfaction et raffinage;Industrie manufacturière
Fabrication d'huiles et graisses végétales et animales;Industries alimentaires;Industrie manufacturière
Services auxiliaires des transports;Entreposage et services auxiliaires des transports;Transports et entreposage
Activité des médecins et des dentistes;Activités pour la santé humaine;Santé humaine et action sociale
Construction de véhicules automobiles;Industrie automobile;Industrie manufacturière
Fabrication de produits de boulangerie-pâtisserie et de pâtes alimentaires;Industries alimentaires;Industrie manufacturière
Activités de poste dans le cadre d'une obligation de service universel;Activités de poste et de courrier;Transports et entreposage
Fabrication d'armes et de munitions;Fabrication de produits métalliques, à l'exception des machines et des équipements;Industrie manufacturière
Activités vétérinaires;Activités vétérinaires;Activités spécialisées, scientifiques et techniques
Activités des marchands de biens immobiliers;Activités immobilières;Activités immobilières
Construction de réseaux et de lignes;Génie civil;Construction
Activités d'architecture et d'ingénierie;"Activités d'architecture et d'ingénierie; activités de contrôle et analyses techniques";Activités spécialisées, scientifiques et techniques
Hôtels et hébergement similaire;Hébergement;Hébergement et restauration
Fabrication d'ordinateurs et d'équipements périphériques;Fabrication de produits informatiques, électroniques et optiques;Industrie manufacturière
Fabrication d'articles en bois, liège, vannerie et sparterie;"Travail du bois et fabrication d'articles en bois et en liège, à l'exception des meubles; fabrication d'articles en vannerie et sparterie";Industrie manufacturière
Fabrication de vêtements, autres qu'en fourrure;Industrie de l'habillement;Industrie manufacturière
Bibliothèques, archives, musées et autres activités culturelles;Bibliothèques, archives, musées et autres activités culturelles;Arts, spectacles et activités récréatives
Intermédiaires du commerce de gros;Commerce de gros, à l'exception des automobiles et des motocycles;"Commerce; réparation d'automobiles et de motocycles"
Extraction de houille;Extraction de houille et de lignite;Industries extractives
Activités de contrôle et analyses techniques;"Activités d'architecture et d'ingénierie; activités de contrôle et analyses techniques";Activités spécialisées, scientifiques et techniques
Commerce et réparation de motocycles;Commerce et réparation d'automobiles et de motocycles;"Commerce; réparation d'automobiles et de motocycles"
Activités indifférenciées des ménages en tant que producteurs de biens pour usage propre;Activités indifférenciées des ménages en tant que producteurs de biens et services pour usage propre;"Activités des ménages en tant qu'employeurs; activités indifférenciées des ménages en tant que producteurs de biens et services pour usage propre"
Commerce de détail de carburants en magasin spécialisé;Commerce de détail, à l'exception des automobiles et des motocycles;"Commerce; réparation d'automobiles et de motocycles"
Édition de livres et périodiques et autres activités d'édition;Édition;Information et communication
Hébergement médicalisé;Hébergement médico-social et social;Santé humaine et action sociale
Fabrication d'équipements d'irradiation médicale, d'équipements électromédicaux et électrothérapeutiques;Fabrication de produits informatiques, électroniques et optiques;Industrie manufacturière
Activités administratives;Activités administratives et autres activités de soutien aux entreprises;Activités de services administratifs et de soutien
Activités auxiliaires de services financiers, hors assurance et caisses de retraite;Activités auxiliaires de services financiers et d'assurance;Activités financières et d'assurance
Activités comptables;Activités juridiques et comptables;Activités spécialisées, scientifiques et techniques
Activités hospitalières;Activités pour la santé humaine;Santé humaine et action sociale
Activités de soutien à l'enseignement;Enseignement;Enseignement
Activités des sociétés holding;Activités des services financiers, hors assurance et caisses de retraite;Activités financières et d'assurance
Cultures non permanentes;Culture et production animale, chasse et services annexes;Agriculture, sylviculture et pêche
Fabrication de meubles;Fabrication de meubles;Industrie manufacturière
Fabrication d'équipements de communication;Fabrication de produits informatiques, électroniques et optiques;Industrie manufacturière
Transports fluviaux de fret;Transports par eau;Transports et entreposage
Caisses de retraite;Assurance;Activités financières et d'assurance
Commerce de gros de produits agricoles bruts et d'animaux vivants;Commerce de gros, à l'exception des automobiles et des motocycles;"Commerce; réparation d'automobiles et de motocycles"
Transports aériens de passagers;Transports aériens;Transports et entreposage
Transports routiers de fret et services de déménagement;Transports terrestres et transport par conduites;Transports et entreposage
Activités de soutien aux entreprises n.c.a.;Activités administratives et autres activités de soutien aux entreprises;Activités de services administratifs et de soutien
Activités liées aux systèmes de sécurité;Enquêtes et sécurité;Activités de services administratifs et de soutien
Fabrication de machines de formage des métaux et de machines-outils;Fabrication de machines et équipements n.c.a.;Industrie manufacturière
Sidérurgie;Métallurgie;Industrie manufacturière
Chasse, piégeage et services annexes;Culture et production animale, chasse et services annexes;Agriculture, sylviculture et pêche
"Fabrication d'instruments et d'appareils de mesure, d'essai et de navigation; horlogerie";Fabrication de produits informatiques, électroniques et optiques;Industrie manufacturière
Fabrication de coutellerie, d'outillage et de quincaillerie;Fabrication de produits métalliques, à l'exception des machines et des équipements;Industrie manufacturière
Non renseigné;Non renseigné;Non renseigné
Extraction de pétrole brut;Extraction d'hydrocarbures;Industries extractives
Administration générale, économique et sociale;"Administration publique et défense; sécurité sociale obligatoire";Administration publique
Fabrication de préparations pharmaceutiques;Industrie pharmaceutique;Industrie manufacturière
Location et location-bail d'autres machines, équipements et biens;Activités de location et location-bail;Activités de services administratifs et de soutien
Construction de bâtiments résidentiels et non résidentiels;Construction de bâtiments;Construction
Fabrication de pesticides et d'autres produits agrochimiques;Industrie chimique;Industrie manufacturière
Commerce d'équipements automobiles;Commerce et réparation d'automobiles et de motocycles;"Commerce; réparation d'automobiles et de motocycles"
Fabrication de produits laitiers;Industries alimentaires;Industrie manufacturière
Commerce de gros d'autres équipements industriels;Commerce de gros, à l'exception des automobiles et des motocycles;"Commerce; réparation d'automobiles et de motocycles"
Production, transport et distribution d'électricité;Production et distribution d'électricité, de gaz, de vapeur et d'air conditionné;Production et distribution d'électricité, de gaz, de vapeur et d'air conditionné
Fabrication d'autres matériels électriques;Fabrication d'équipements électriques;Industrie manufacturière
Travaux de finition;Travaux de construction spécialisés;Construction
Production et distribution de combustibles gazeux;Production et distribution d'électricité, de gaz, de vapeur et d'air conditionné;Production et distribution d'électricité, de gaz, de vapeur et d'air conditionné
Enseignement pré-primaire;Enseignement;Enseignement
Activités des syndicats de salariés;Activités des organisations associatives;Autres activités de services
Fabrication de matériels de transport n.c.a.;Fabrication d'autres matériels de transport;Industrie manufacturière
Sciage et rabotage du bois;"Travail du bois et fabrication d'articles en bois et en liège, à l'exception des meubles; fabrication d'articles en vannerie et sparterie";Industrie manufacturière
Activités des organisations et organismes extraterritoriaux;Activités des organisations et organismes extraterritoriaux;Activités extra-territoriales
Fabrication d'autres machines d'usage général;Fabrication de machines et équipements n.c.a.;Industrie manufacturière
Études de marché et sondages;Publicité et études de marché;Activités spécialisées, scientifiques et techniques
Télécommunications sans fil;Télécommunications;Information et communication
Commerce de véhicules automobiles;Commerce et réparation d'automobiles et de motocycles;"Commerce; réparation d'automobiles et de motocycles"
Fabrication d'articles à mailles;Industrie de l'habillement;Industrie manufacturière
Activités des organisations économiques, patronales et professionnelles;Activités des organisations associatives;Autres activités de services
Traitement et élimination des déchets;"Collecte, traitement et élimination des déchets; récupération";"Production et distribution d'eau; assainissement, gestion des déchets et dépollution"
Commerce de détail hors magasin, éventaires ou marchés;Commerce de détail, à l'exception des automobiles et des motocycles;"Commerce; réparation d'automobiles et de motocycles"
Activités de nettoyage;Services relatifs aux bâtiments et aménagement paysager;Activités de services administratifs et de soutien
Collecte et traitement des eaux usées;Collecte et traitement des eaux usées;"Production et distribution d'eau; assainissement, gestion des déchets et dépollution"
"Traitement et revêtement des métaux; usinage";Fabrication de produits métalliques, à l'exception des machines et des équipements;Industrie manufacturière
Fabrication de produits en caoutchouc;Fabrication de produits en caoutchouc et en plastique;Industrie manufacturière
Commerce de gros de produits alimentaires, de boissons et de tabac;Commerce de gros, à l'exception des automobiles et des motocycles;"Commerce; réparation d'automobiles et de motocycles"
Transformation et conservation de fruits et légumes;Industries alimentaires;Industrie manufacturière
Services d'aménagement paysager;Services relatifs aux bâtiments et aménagement paysager;Activités de services administratifs et de soutien
Reproduction d'enregistrements;Imprimerie et reproduction d'enregistrements;Industrie manufacturière
Récupération;"Collecte, traitement et élimination des déchets; récupération";"Production et distribution d'eau; assainissement, gestion des déchets et dépollution"
Entreposage et stockage;Entreposage et services auxiliaires des transports;Transports et entreposage
Fonderie;Métallurgie;Industrie manufacturière
Fabrication d'autres produits de première transformation de l'acier;Métallurgie;Industrie manufacturière
Construction de véhicules militaires de combat;Fabrication d'autres matériels de transport;Industrie manufacturière
Autres services personnels;Autres services personnels;Autres activités de services
Dépollution et autres services de gestion des déchets;Dépollution et autres services de gestion des déchets;"Production et distribution d'eau; assainissement, gestion des déchets et dépollution"
Autres transports terrestres de voyageurs;Transports terrestres et transport par conduites;Transports et entreposage
Activités extractives n.c.a.;Autres industries extractives;Industries extractives
Ennoblissement textile;Fabrication de textiles;Industrie manufacturière
Fabrication de produits électroniques grand public;Fabrication de produits informatiques, électroniques et optiques;Industrie manufacturière
Promotion immobilière;Construction de bâtiments;Construction
Fabrication d'autres produits chimiques;Industrie chimique;Industrie manufacturière
Fabrication d'articles de joaillerie, bijouterie et articles similaires;Autres industries manufacturières;Industrie manufacturière
Aquaculture;Pêche et aquaculture;Agriculture, sylviculture et pêche
"Apprêt et tannage des cuirs; préparation et teinture des fourrures; fabrication d'articles de voyage, de maroquinerie et de sellerie";Industrie du cuir et de la chaussure;Industrie manufacturière
Fabrication de produits abrasifs et de produits minéraux non métalliques n.c.a.;Fabrication d'autres produits minéraux non métalliques;Industrie manufacturière
Fabrication de carrosseries et remorques;Industrie automobile;Industrie manufacturière
Autres hébergements;Hébergement;Hébergement et restauration
Activités d'enquête;Enquêtes et sécurité;Activités de services administratifs et de soutien
Activités des agences de voyage et voyagistes;Activités des agences de voyage, voyagistes, services de réservation et activités connexes;Activités de services administratifs et de soutien
Commerce de détail alimentaire en magasin spécialisé;Commerce de détail, à l'exception des automobiles et des motocycles;"Commerce; réparation d'automobiles et de motocycles"
Fabrication d'autres ouvrages en métaux;Fabrication de produits métalliques, à l'exception des machines et des équipements;Industrie manufacturière
Enseignement supérieur et post-secondaire non supérieur;Enseignement;Enseignement
Activités des agences de placement de main-d'œuvre;Activités liées à l'emploi;Activités de services administratifs et de soutien
"Forge, emboutissage, estampage; métallurgie des poudres";Fabrication de produits métalliques, à l'exception des machines et des équipements;Industrie manufacturière
Fabrication de chaussures;Industrie du cuir et de la chaussure;Industrie manufacturière
Fabrication d'autres machines d'usage spécifique;Fabrication de machines et équipements n.c.a.;Industrie manufacturière
Fabrication de piles et d'accumulateurs électriques;Fabrication d'équipements électriques;Industrie manufacturière
Fabrication de produits à base de tabac;Fabrication de produits à base de tabac;Industrie manufacturière
Fabrication d'aliments pour animaux;Industries alimentaires;Industrie manufacturière
Activités immobilières pour compte de tiers;Activités immobilières;Activités immobilières
Transports par conduites;Transports terrestres et transport par conduites;Transports et entreposage
Fabrication de matériels optique et photographique;Fabrication de produits informatiques, électroniques et optiques;Industrie manufacturière
Production animale;Culture et production animale, chasse et services annexes;Agriculture, sylviculture et pêche
Recherche-développement en sciences humaines et sociales;Recherche-développement scientifique;Activités spécialisées, scientifiques et techniques
Télécommunications filaires;Télécommunications;Information et communication
Fabrication d'équipements automobiles;Industrie automobile;Industrie manufacturière
Activités cinématographiques, vidéo et de télévision;"Production de films cinématographiques, de vidéo et de programmes de télévision; enregistrement sonore et édition musicale";Information et communication
Autres activités d'hébergement social;Hébergement médico-social et social;Santé humaine et action sociale
Transport ferroviaire interurbain de voyageurs;Transports terrestres et transport par conduites;Transports et entreposage
Fabrication de produits réfractaires;Fabrication d'autres produits minéraux non métalliques;Industrie manufacturière
Location et location-bail de véhicules automobiles;Activités de location et location-bail;Activités de services administratifs et de soutien
Extraction de minerais de fer;Extraction de minerais métalliques;Industries extractives
Commerce de gros de biens domestiques;Commerce de gros, à l'exception des automobiles et des motocycles;"Commerce; réparation d'automobiles et de motocycles"
Fabrication d'instruments de musique;Autres industries manufacturières;Industrie manufacturière
Construction de routes et de voies ferrées;Génie civil;Construction
Fabrication d'éléments en métal pour la construction;Fabrication de produits métalliques, à l'exception des machines et des équipements;Industrie manufacturière
Conseil de gestion;"Activités des sièges sociaux; conseil de gestion";Activités spécialisées, scientifiques et techniques
Imprimerie et services annexes;Imprimerie et reproduction d'enregistrements;Industrie manufacturière
Fabrication de supports magnétiques et optiques;Fabrication de produits informatiques, électroniques et optiques;Industrie manufacturière
Captage, traitement et distribution d'eau;Captage, traitement et distribution d'eau;"Production et distribution d'eau; assainissement, gestion des déchets et dépollution"
