region;pays
Nouvelle-Aquitaine;France
Provence-Alpes-Côte d'Azur;France
Martinique;France
Normandie;France
Bourgogne-Franche-Comté;France
Île-de-France;France
La Réunion;France
Mayotte;France
Pays de la Loire;France
Guyane;France
Centre-Val de Loire;France
Corse;France
Auvergne-Rhône-Alpes;France
Bretagne;France
Guadeloupe;France
Grand Est;France
Occitanie;France
Hauts-de-France;France
Polynésie française;France
Saint--Barthélemy;France
Saint-Martin;France
Saint-Pierre et Miquelon;France
Monaco;Monaco
Région générique pour France;France
Région générique pour Danemark;Danemark
Région générique pour Islande;Islande
Région générique pour Norvège;Norvège
Région générique pour Suède;Suède
Région générique pour Finlande;Finlande
Région générique pour Estonie;Estonie
Région générique pour Lettonie;Lettonie
Région générique pour Lituanie;Lituanie
Région générique pour Allemagne;Allemagne
Région générique pour Autriche;Autriche
Région générique pour Bulgarie;Bulgarie
Région générique pour Hongrie;Hongrie
Région générique pour Liechtenstein;Liechtenstein
Région générique pour Roumanie;Roumanie
Région générique pour Tchéquie;Tchéquie
Région générique pour Slovaquie;Slovaquie
Région générique pour Bosnie-Herzégovine;Bosnie-Herzégovine
Région générique pour Croatie;Croatie
Région générique pour Monténégro;Monténégro
Région générique pour Serbie;Serbie
Région générique pour Pologne;Pologne
Région générique pour Russie;Russie
Région générique pour Albanie;Albanie
Région générique pour Grèce;Grèce
Région générique pour Italie;Italie
Région générique pour Saint-Marin;Saint-Marin
Région générique pour Vatican;Vatican
Région générique pour Andorre;Andorre
Région générique pour Belgique;Belgique
Région générique pour Royaume-Uni;Royaume-Uni
Région générique pour Territoires britanniques en Méditerranée;Territoires britanniques en Méditerranée
Région générique pour Espagne;Espagne
Région générique pour Pays-Bas;Pays-Bas
Région générique pour Irlande;Irlande
Région générique pour Luxembourg;Luxembourg
Région générique pour Monaco;Monaco
Région générique pour Portugal;Portugal
Région générique pour Suisse;Suisse
Région générique pour Malte;Malte
Région générique pour Slovénie;Slovénie
Région générique pour Biélorussie;Biélorussie
Région générique pour Moldavie;Moldavie
Région générique pour Ukraine;Ukraine
Région générique pour Macédoine du Nord;Macédoine du Nord
Région générique pour Kosovo;Kosovo
Région générique pour Féroé;Féroé
Région générique pour Territoires norvégiens en Atlantique Nord;Territoires norvégiens en Atlantique Nord
Région générique pour Åland;Åland
Région générique pour Dépendances de la Couronne britannique;Dépendances de la Couronne britannique
Région générique pour Arabie saoudite;Arabie saoudite
Région générique pour Irak;Irak
Région générique pour Iran;Iran
Région générique pour Liban;Liban
Région générique pour Syrie;Syrie
Région générique pour Israël;Israël
Région générique pour Turquie;Turquie
Région générique pour Afghanistan;Afghanistan
Région générique pour Pakistan;Pakistan
Région générique pour Bhoutan;Bhoutan
Région générique pour Népal;Népal
Région générique pour Chine;Chine
Région générique pour Japon;Japon
Région générique pour Thaïlande;Thaïlande
Région générique pour Philippines;Philippines
Région générique pour Jordanie;Jordanie
Région générique pour Inde;Inde
Région générique pour Birmanie;Birmanie
Région générique pour Brunei;Brunei
Région générique pour Singapour;Singapour
Région générique pour Malaisie;Malaisie
Région générique pour Maldives;Maldives
Région générique pour Hong Kong;Hong Kong
Région générique pour Indonésie;Indonésie
Région générique pour Macao;Macao
Région générique pour Cambodge;Cambodge
Région générique pour Sri Lanka;Sri Lanka
Région générique pour Taïwan;Taïwan
Région générique pour Corée du Nord;Corée du Nord
Région générique pour Corée du Sud;Corée du Sud
Région générique pour Koweït;Koweït
Région générique pour Laos;Laos
Région générique pour Mongolie;Mongolie
Région générique pour Vietnam;Vietnam
Région générique pour Bangladesh;Bangladesh
Région générique pour Émirats arabes unis;Émirats arabes unis
Région générique pour Qatar;Qatar
Région générique pour Bahreïn;Bahreïn
Région générique pour Oman;Oman
Région générique pour Yémen;Yémen
Région générique pour Arménie;Arménie
Région générique pour Azerbaïdjan;Azerbaïdjan
Région générique pour Chypre;Chypre
Région générique pour Géorgie;Géorgie
Région générique pour Kazakhstan;Kazakhstan
Région générique pour Kirghizstan;Kirghizstan
Région générique pour Ouzbékistan;Ouzbékistan
Région générique pour Tadjikistan;Tadjikistan
Région générique pour Turkménistan;Turkménistan
Région générique pour Palestine;Palestine
Région générique pour Timor oriental;Timor oriental
Région générique pour Territoires australiens de l’océan Indien;Territoires australiens de l’océan Indien
Région générique pour Égypte;Égypte
Région générique pour Libéria;Libéria
Région générique pour Afrique du Sud;Afrique du Sud
Région générique pour Gambie;Gambie
Région générique pour Territoires britanniques de l’océan Atlantique;Territoires britanniques de l’océan Atlantique
Région générique pour Chagos;Chagos
Région générique pour Tanzanie;Tanzanie
Région générique pour Zimbabwe;Zimbabwe
Région générique pour Namibie;Namibie
Région générique pour République démocratique du Congo;République démocratique du Congo
Région générique pour Territoires espagnols en Afrique du Nord;Territoires espagnols en Afrique du Nord
Région générique pour Guinée équatoriale;Guinée équatoriale
Région générique pour Éthiopie;Éthiopie
Région générique pour Libye;Libye
Région générique pour Érythrée;Érythrée
Région générique pour Somalie;Somalie
Région générique pour Territoires portugais de l’océan Atlantique;Territoires portugais de l’océan Atlantique
Région générique pour Burundi;Burundi
Région générique pour Cameroun;Cameroun
Région générique pour Centrafrique;Centrafrique
Région générique pour Congo;Congo
Région générique pour Côte d’Ivoire;Côte d’Ivoire
Région générique pour Bénin;Bénin
Région générique pour Gabon;Gabon
Région générique pour Ghana;Ghana
Région générique pour Guinée;Guinée
Région générique pour Burkina;Burkina
Région générique pour Kenya;Kenya
Région générique pour Madagascar;Madagascar
Région générique pour Malawi;Malawi
Région générique pour Mali;Mali
Région générique pour Mauritanie;Mauritanie
Région générique pour Niger;Niger
Région générique pour Nigéria;Nigéria
Région générique pour Ouganda;Ouganda
Région générique pour Rwanda;Rwanda
Région générique pour Sénégal;Sénégal
Région générique pour Sierra Leone;Sierra Leone
Région générique pour Soudan;Soudan
Région générique pour Tchad;Tchad
Région générique pour Togo;Togo
Région générique pour Zambie;Zambie
Région générique pour Botswana;Botswana
Région générique pour Lesotho;Lesotho
Région générique pour Soudan du Sud;Soudan du Sud
Région générique pour Maroc;Maroc
Région générique pour Tunisie;Tunisie
Région générique pour Algérie;Algérie
Région générique pour Terres australes norvégiennes;Terres australes norvégiennes
Région générique pour Sahara occidental;Sahara occidental
Région générique pour Maurice;Maurice
Région générique pour Swaziland;Swaziland
Région générique pour Guinée-Bissao;Guinée-Bissao
Région générique pour Mozambique;Mozambique
Région générique pour Sao Tomé-et-Principe;Sao Tomé-et-Principe
Région générique pour Angola;Angola
Région générique pour Cap-Vert;Cap-Vert
Région générique pour Comores;Comores
Région générique pour Seychelles;Seychelles
Région générique pour Djibouti;Djibouti
Région générique pour Canada;Canada
Région générique pour États-Unis;États-Unis
Région générique pour Mexique;Mexique
Région générique pour Costa Rica;Costa Rica
Région générique pour Cuba;Cuba
Région générique pour République dominicaine;République dominicaine
Région générique pour Guatemala;Guatemala
Région générique pour Haïti;Haïti
Région générique pour Honduras;Honduras
Région générique pour Nicaragua;Nicaragua
Région générique pour Panama;Panama
Région générique pour Salvador;Salvador
Région générique pour Argentine;Argentine
Région générique pour Brésil;Brésil
Région générique pour Chili;Chili
Région générique pour Bolivie;Bolivie
Région générique pour Colombie;Colombie
Région générique pour Équateur;Équateur
Région générique pour Paraguay;Paraguay
Région générique pour Pérou;Pérou
Région générique pour Uruguay;Uruguay
Région générique pour Vénézuéla;Vénézuéla
Région générique pour Territoires britanniques dans les Antilles et Bermudes;Territoires britanniques dans les Antilles et Bermudes
Région générique pour Jamaïque;Jamaïque
Région générique pour Territoires britanniques dans l’océan Atlantique Sud;Territoires britanniques dans l’océan Atlantique Sud
Région générique pour Guyana;Guyana
Région générique pour Bélize;Bélize
Région générique pour Groenland;Groenland
Région générique pour Aruba;Aruba
Région générique pour Territoires des États-Unis en Amérique;Territoires des États-Unis en Amérique
Région générique pour Trinité-et-Tobago;Trinité-et-Tobago
Région générique pour Barbade;Barbade
Région générique pour Grenade;Grenade
Région générique pour Bahamas;Bahamas
Région générique pour Suriname;Suriname
Région générique pour Dominique;Dominique
Région générique pour Sainte-Lucie;Sainte-Lucie
Région générique pour Saint-Vincent-et-les-Grenadines;Saint-Vincent-et-les-Grenadines
Région générique pour Antigua-et-Barbuda;Antigua-et-Barbuda
Région générique pour Saint-Christophe-et-Niévès;Saint-Christophe-et-Niévès
Région générique pour Bonaire, Saint-Eustache, Saba;Bonaire, Saint-Eustache, Saba
Région générique pour Curaçao;Curaçao
Région générique pour Saint-Martin (partie néerlandaise);Saint-Martin (partie néerlandaise)
Région générique pour Antarctique argentin;Antarctique argentin
Région générique pour Territoire chilien de l’Antarctique;Territoire chilien de l’Antarctique
Région générique pour Australie;Australie
Région générique pour Nouvelle-Zélande;Nouvelle-Zélande
Région générique pour Pitcairn;Pitcairn
Région générique pour Territoires des États-Unis en Océanie;Territoires des États-Unis en Océanie
Région générique pour Samoa;Samoa
Région générique pour Nauru;Nauru
Région générique pour Fidji;Fidji
Région générique pour Tonga;Tonga
Région générique pour Papouasie-Nouvelle-Guinée;Papouasie-Nouvelle-Guinée
Région générique pour Tuvalu;Tuvalu
Région générique pour Salomon;Salomon
Région générique pour Kiribati;Kiribati
Région générique pour Vanuatu;Vanuatu
Région générique pour Marshall;Marshall
Région générique pour Micronésie;Micronésie
Région générique pour Palaos;Palaos
Région générique pour Territoires de la Nouvelle-Zélande;Territoires de la Nouvelle-Zélande
Région générique pour Cook;Cook
Région générique pour Niue;Niue
Région générique pour Territoires de l’Australie en Océanie;Territoires de l’Australie en Océanie
Région générique pour Antarctique;Antarctique
